benzene,cadmium,pollution_index,age,malignancy
13.14,57.0,79.7,67,83.7
40.96,50.42,71.3,36,102.6
20.04,60.87,73.1,26,85.8
37.89,53.3,63.2,32,90.1
23.9,27.4,30.8,75,59.6
31.03,64.79,82.6,21,109.6
42.47,50.3,63.7,23,95.6
41.19,45.51,54.8,29,82.5
43.99,15.53,18.9,58,56.7
7.68,25.52,45.8,43,59.5
36.14,36.31,46.8,36,78.9
11.3,59.08,79.2,71,90.1
23.71,43.86,53.7,25,69.6
29.69,47.27,40.4,38,68.0
23.12,72.35,88.1,24,96.9
28.38,13.52,18.9,51,52.0
49.84,39.65,43.8,29,85.8
11.08,13.1,13.4,28,29.6
35.4,57.45,69.2,46,98.1
22.82,69.79,83.4,32,96.3
10.99,36.21,32.4,38,48.9
12.14,57.28,78.7,40,81.5
47.72,29.07,33.4,43,75.1
44.58,61.66,82.9,57,111.2
45.82,59.03,70.3,23,102.0
49.62,54.92,74.4,43,112.9
14.37,7.07,11.4,78,37.9
20.99,68.14,87.0,54,97.0
35.11,59.39,68.1,22,93.2
26.77,32.1,34.4,23,59.7
23.83,54.85,76.4,76,101.5
21.1,26.29,32.5,56,57.2
31.72,60.31,79.8,59,100.2
30.9,8.91,19.0,67,55.8
12.27,51.95,66.3,73,78.5
26.23,41.06,53.3,54,76.6
29.91,26.31,17.7,50,47.3
30.66,25.65,29.4,75,62.1
14.45,1.91,11.0,63,35.3
38.4,35.18,47.5,44,78.9
6.13,32.39,34.1,59,45.7
20.97,56.74,57.9,32,75.0
40.11,19.09,33.8,23,64.6
30.38,17.8,34.0,65,61.5
16.75,64.92,69.5,33,82.7
36.27,13.03,13.9,32,51.5
30.53,61.44,82.2,46,97.8
40.83,65.22,78.2,25,98.1
38.08,37.56,63.4,36,88.0
32.45,45.98,57.5,55,83.8
26.97,66.75,81.4,59,103.3
10.99,24.48,24.8,68,43.9
16.76,7.98,16.3,54,37.9
23.86,23.76,29.2,36,54.1
31.97,54.23,73.6,60,96.9
28.12,11.5,12.8,21,37.9
17.97,40.82,56.6,76,71.4
5.29,69.67,89.6,32,84.6
27.33,57.79,78.5,71,106.4
17.85,44.63,51.7,21,68.5
38.06,16.37,15.1,71,54.0
6.08,60.03,76.5,47,83.5
31.32,46.53,57.9,62,82.8
47.37,8.11,19.2,78,69.5
12.85,12.51,17.5,45,37.7
26.22,65.97,82.8,41,96.7
9.11,63.93,63.5,66,75.8
33.16,55.51,76.3,62,100.9
29.77,71.58,80.3,74,103.7
23.33,49.58,55.7,22,73.8
28.46,42.52,51.4,54,77.1
45.35,44.34,44.4,79,87.6
13.83,30.15,35.4,77,63.4
6.02,37.76,44.8,31,56.9
43.77,57.26,71.9,43,103.1
30.97,52.64,58.2,24,79.7
45.08,70.6,81.4,39,110.0
31.86,33.25,45.5,58,70.7
41.46,40.26,58.6,58,93.7
24.34,47.39,60.5,32,75.6
38.74,41.87,57.3,60,87.9
46.09,52.65,66.2,76,104.8
30.75,29.38,29.0,72,61.2
13.14,38.5,51.0,64,64.9
17.1,14.46,18.3,31,36.1
13.94,32.9,40.8,32,59.2
16.11,43.45,49.0,75,65.5
18.79,38.51,62.2,29,74.0
29.98,65.8,86.0,52,99.6
31.46,47.5,58.1,76,86.0
24.19,61.59,69.5,59,87.4
32.69,37.94,50.5,73,81.1
8.67,39.2,60.7,35,64.6
8.95,15.64,15.7,64,37.4
12.73,21.1,30.4,54,43.1
28.31,25.21,38.9,22,62.9
14.63,35.12,47.8,75,66.3
17.75,10.0,13.7,24,35.9
23.01,13.94,21.2,45,48.0
41.53,14.69,32.1,30,70.2
5.62,74.66,87.7,26,90.7
34.22,35.58,36.5,72,69.9
35.1,42.11,48.6,75,78.0
40.94,14.86,25.7,29,63.8
46.97,46.08,58.9,61,95.2
5.91,25.93,32.5,71,51.0
11.92,24.24,26.6,53,43.1
44.88,44.4,51.3,22,82.1
25.63,4.68,10.4,27,39.4
30.41,8.9,10.6,50,39.6
34.84,24.31,27.5,30,58.0
35.56,17.63,12.9,64,50.7
46.93,18.44,18.6,26,61.0
49.86,33.63,37.1,64,78.0
37.41,59.78,74.2,21,95.0
17.92,51.66,55.8,25,73.1
44.59,42.86,51.0,60,88.0
7.21,22.48,33.5,51,49.5
15.4,74.65,84.5,39,90.7
45.38,36.9,41.8,76,82.6
16.53,11.36,17.0,53,41.1
14.93,45.09,59.4,69,80.1
11.22,16.77,19.1,35,36.0
43.66,32.41,37.6,44,74.6
27.5,41.46,50.6,31,76.1
35.37,65.51,79.9,26,100.2
15.76,48.09,49.5,58,67.3
39.11,58.3,66.2,36,97.0
39.2,72.49,89.4,64,113.7
19.07,21.12,20.5,30,43.8
23.48,20.42,32.0,25,59.8
14.44,35.24,41.6,42,60.3
48.95,44.04,43.7,46,84.7
34.05,33.22,42.9,65,74.0
47.05,61.85,82.6,25,109.7
18.65,50.44,67.1,57,79.5
40.19,41.46,58.6,21,91.7
39.46,23.88,34.7,41,73.5
36.12,58.87,75.9,39,97.9
48.45,62.1,86.4,44,118.5
22.71,60.63,75.7,34,90.2
10.88,12.61,10.1,79,37.2
35.23,44.19,60.9,68,91.3
37.82,18.87,14.1,48,52.5
30.88,27.04,30.6,27,57.2
14.31,16.96,14.8,56,38.4
27.7,43.35,58.3,68,81.8
19.05,56.21,64.9,71,83.0
24.24,9.87,19.2,52,47.3
34.03,37.02,40.7,41,69.4
38.53,38.06,46.5,69,78.2
15.45,34.39,39.5,66,60.6
23.24,9.87,19.7,24,44.5
17.11,30.34,43.5,58,68.0
13.94,59.06,70.1,37,76.4
40.25,7.8,15.7,57,58.3
45.92,15.45,16.4,73,62.3
21.66,23.87,38.4,72,69.4
38.81,72.51,85.3,56,112.7
45.36,44.63,63.5,49,98.4
43.08,54.2,64.3,70,98.3
13.23,34.29,39.0,50,53.3
48.03,42.51,57.5,29,93.5
21.95,11.56,10.8,34,33.3
20.27,50.01,60.9,61,75.0
7.81,63.76,83.1,78,92.8
26.88,42.16,59.0,67,77.4
9.91,54.1,79.9,63,86.2
16.18,56.08,67.9,37,76.2
19.26,7.89,19.6,42,42.2
41.4,66.23,82.2,52,110.5
44.4,10.94,15.3,35,59.8
18.61,45.57,52.7,73,76.2
43.64,15.59,21.4,57,60.6
43.58,7.1,10.9,54,53.3
39.41,38.67,43.8,53,90.1
11.6,28.56,33.6,47,49.0
36.06,40.68,48.9,21,73.8
47.53,47.29,56.2,49,91.0
35.71,3.12,13.5,32,48.3
19.92,19.66,19.8,60,44.6
27.53,46.82,54.7,35,75.8
34.06,24.88,37.5,78,71.5
27.98,53.45,68.3,24,86.6
10.4,49.55,62.2,74,71.6
19.04,61.45,77.6,47,91.3
41.11,53.99,65.4,72,98.7
43.76,42.67,44.4,58,83.4
11.18,56.48,63.8,64,70.2
47.86,19.06,32.0,39,73.5
19.8,30.71,34.5,43,49.8
34.8,65.14,73.1,46,96.9
38.83,38.5,45.7,49,80.6
41.54,64.55,73.9,77,109.0
47.56,70.7,75.8,64,111.3
19.08,68.0,78.6,46,92.9
43.63,67.91,83.3,45,110.8
10.93,40.81,44.5,26,54.3
36.73,29.13,35.5,61,78.3
38.39,45.38,56.6,66,91.2
35.5,30.0,39.7,72,70.3
16.35,54.29,58.1,78,70.5
44.29,49.07,66.4,57,98.5
12.6,59.72,65.1,24,76.9
7.41,34.47,40.0,42,51.5
37.29,11.68,23.3,47,52.8
26.4,37.39,44.4,53,68.8
43.21,6.63,21.4,72,64.6
22.25,68.09,81.2,34,86.7
12.57,34.56,37.7,51,54.1
42.64,14.92,22.4,45,59.2
29.7,10.25,12.0,67,41.6
13.51,59.1,61.7,50,78.6
37.42,46.23,61.0,38,85.6
28.0,24.5,37.2,28,60.2
32.19,20.0,15.7,48,47.9
25.74,44.03,42.8,73,69.5
42.29,27.94,34.9,77,80.5
42.33,56.39,64.2,70,94.4
36.92,53.48,58.5,58,87.5
9.74,27.62,39.2,23,50.8
42.75,19.52,27.4,22,61.5
35.2,77.39,89.0,75,112.4
36.37,45.48,46.3,48,79.1
21.33,54.86,65.1,71,81.8
44.57,12.6,21.2,30,60.2
37.64,49.01,48.8,52,79.3
10.07,7.11,12.2,57,32.2
23.35,38.67,50.4,77,75.1
44.89,71.41,87.1,30,115.9
7.12,40.36,40.7,46,58.0
48.26,14.77,13.1,52,51.5
35.56,12.06,12.5,40,48.4
33.41,35.15,41.0,58,67.9
17.18,18.46,22.8,50,44.1
16.2,12.29,11.9,57,39.2
47.39,43.75,70.5,65,109.7
18.42,35.86,46.7,21,66.1
39.9,27.72,33.1,46,72.7
22.69,59.85,82.0,55,96.5
11.27,17.36,19.3,30,40.5
5.48,68.16,86.5,66,94.4
29.49,36.87,35.1,37,62.9
48.91,72.72,81.1,78,120.4
21.61,44.26,58.2,20,73.8
21.07,60.16,76.1,54,95.3
20.48,70.61,88.7,54,100.2
28.42,24.2,33.1,50,59.5
24.83,70.49,86.9,47,98.2
44.6,29.14,41.2,58,79.4
27.75,27.02,40.8,20,64.3
27.85,32.9,37.2,44,60.8
11.23,45.8,53.3,62,66.0
49.22,13.84,22.3,57,66.4
16.25,47.91,54.3,39,65.5
8.3,39.51,53.3,22,63.8
34.84,58.03,71.0,70,101.8
31.79,65.46,76.7,21,98.8
23.68,36.02,45.2,37,66.2
24.0,29.62,34.2,63,60.4
40.33,22.02,30.7,29,62.5
13.81,19.47,25.6,24,43.8
41.91,10.66,14.6,28,54.3
34.19,26.18,37.4,21,74.5
23.85,24.41,31.6,53,60.6
25.61,62.11,87.3,79,106.6
16.55,41.24,54.6,57,70.9
38.85,28.8,37.8,50,75.4
28.08,43.87,56.4,29,75.0
19.44,15.7,21.1,69,50.8
31.82,36.11,45.5,31,68.5
49.81,50.48,60.1,55,96.8
24.59,43.66,49.1,73,68.3
46.43,30.47,42.1,40,82.1
20.53,65.59,89.5,68,103.5
7.46,59.13,80.4,66,84.5
14.19,45.46,59.9,25,67.5
23.84,42.68,55.6,67,82.0
14.88,43.87,59.7,68,74.5
5.01,14.4,26.1,22,34.3
46.18,31.01,41.6,29,84.3
42.97,11.43,13.2,24,51.0
38.4,41.41,48.0,65,85.2
12.55,39.97,53.4,45,62.6
10.42,20.51,28.2,40,42.8
8.04,65.06,87.1,64,93.2
37.58,66.05,82.8,45,106.8
46.8,49.98,67.8,57,103.4
24.37,45.0,52.7,63,73.9
10.36,54.75,79.6,45,80.6
28.06,14.56,20.5,27,53.1
20.7,60.1,73.2,24,84.0
21.87,16.91,20.0,34,45.6
32.96,72.29,73.5,78,101.8
37.34,27.4,32.1,35,66.2
9.98,59.11,80.2,20,81.0
6.6,67.94,85.5,35,90.0
49.74,8.64,21.9,56,69.5
15.47,37.21,47.0,22,61.2
7.42,66.62,88.5,71,93.6
13.54,43.52,48.7,66,70.1
6.75,60.52,79.1,50,80.8
22.63,45.09,57.1,32,76.0
41.11,28.84,40.0,75,76.7
20.36,34.98,32.9,35,48.2
24.99,19.4,26.3,74,50.0
35.4,65.92,70.9,62,94.7
27.9,36.81,40.9,40,64.3
43.77,43.13,50.9,21,90.0
43.97,41.35,49.4,73,89.7
5.45,46.91,56.2,46,65.7
40.01,53.76,79.2,57,105.2
25.73,69.37,88.5,45,103.5
49.5,38.31,42.6,77,93.4
26.75,60.72,76.2,78,93.8
49.41,49.9,71.2,57,108.6
38.96,44.44,55.9,65,93.3
16.19,77.71,86.5,44,97.8
29.23,27.06,26.0,30,59.7
49.65,14.68,18.7,27,63.1
43.59,67.41,78.3,27,107.7
9.38,34.27,45.1,52,58.2
36.79,53.69,77.8,72,106.8
20.55,60.54,81.4,26,89.4
5.31,19.81,15.0,57,33.8
23.16,63.17,80.7,40,95.6
15.56,35.48,45.9,27,60.5
41.85,39.17,50.8,70,92.2
20.18,57.62,60.1,73,78.7
42.24,75.42,84.1,40,114.5
5.03,20.32,11.5,75,34.2
18.85,37.72,48.1,39,68.2
15.85,53.49,65.0,27,72.9
15.51,46.67,67.8,77,83.9
8.07,59.71,65.4,65,80.3
13.42,10.76,20.8,50,35.5
30.0,28.25,34.0,69,64.5
18.11,25.47,38.7,76,64.7
23.78,56.54,74.4,48,90.6
21.96,21.65,32.3,67,60.3
44.42,18.45,26.9,28,69.6
45.74,66.58,86.6,34,115.4
27.18,5.83,10.7,49,44.0
19.86,76.03,89.8,45,100.5
9.81,45.79,64.1,29,72.0
47.9,62.12,76.3,48,115.7
7.71,32.95,33.6,73,49.4
18.39,6.35,11.1,35,34.2
18.41,51.63,69.0,55,86.7
19.42,60.23,76.7,39,86.3
12.39,61.29,69.2,64,78.6
40.24,18.11,21.4,73,60.8
10.51,53.56,70.3,56,78.4
33.57,59.63,71.5,41,94.2
10.57,44.64,62.7,26,72.2
8.17,60.44,71.3,42,75.9
45.92,64.18,77.7,60,112.5
13.56,45.73,59.1,59,75.3
41.96,9.48,17.1,48,55.9
29.51,34.77,49.0,35,75.9
8.5,15.64,16.2,57,37.4
48.0,40.23,42.6,47,77.1
16.11,30.87,42.6,67,62.9
43.68,14.52,15.3,57,57.0
12.6,19.89,37.9,50,58.1
43.43,12.18,18.9,33,57.3
5.6,59.57,74.7,72,76.8
28.03,64.1,85.8,52,103.4
39.62,7.95,15.8,76,55.3
47.07,65.79,86.4,28,117.4
45.91,42.91,51.8,76,88.8
41.88,26.24,34.0,46,71.0
44.97,1.73,16.1,43,63.3
13.96,29.44,50.0,32,66.3
17.79,55.81,73.6,45,87.2
18.0,55.54,66.6,48,80.3
21.97,-2.52,14.0,70,44.7
22.7,10.17,15.8,68,47.4
29.5,31.15,42.2,62,67.7
12.19,33.84,33.6,47,52.7
36.11,20.95,28.6,47,59.5
12.54,27.9,32.5,27,49.2
18.96,60.13,74.3,42,83.6
27.65,56.82,84.3,48,107.5
40.84,37.77,42.4,24,77.2
38.28,67.07,82.5,61,104.2
34.05,31.12,35.7,26,65.0
12.01,58.12,48.1,61,61.4
29.62,12.05,28.1,55,56.8
8.94,57.61,61.2,60,71.7
21.98,69.22,88.3,46,97.9
23.61,48.06,58.3,77,83.1
6.79,30.67,38.6,65,54.3
17.33,47.34,61.8,21,74.7
48.0,13.02,19.8,44,63.8
47.91,66.52,81.1,28,113.2
20.85,32.61,50.2,72,74.4
6.94,40.51,45.9,46,57.6
13.06,43.41,56.9,20,62.7
22.65,42.34,60.0,42,75.7
47.65,10.34,15.7,29,58.0
11.35,57.97,64.6,61,71.3
39.36,20.81,29.4,71,68.8
9.89,55.49,67.1,44,79.2
49.16,56.99,75.8,73,116.1
22.17,63.24,74.3,22,89.4
39.89,46.79,54.2,25,86.0
20.42,50.53,51.6,77,79.9
33.25,16.27,21.4,25,55.4
13.64,60.97,72.0,72,87.1
11.57,25.86,31.7,21,41.3
47.21,46.27,49.7,77,94.5
46.29,22.6,32.7,77,77.5
44.94,20.29,20.7,37,61.5
33.14,47.32,60.4,42,84.7
41.37,11.16,14.3,21,50.9
8.11,56.37,69.9,31,78.5
20.07,29.59,35.4,41,56.4
19.12,7.43,10.0,56,35.5
33.6,41.79,50.9,39,75.8
21.02,18.89,13.7,58,42.0
11.68,30.6,32.1,43,47.1
31.84,57.59,66.6,67,90.5
41.65,9.73,15.0,39,50.9
22.2,57.27,77.1,20,92.1
10.95,13.02,10.3,20,27.5
13.85,28.18,29.7,36,43.8
15.69,62.78,69.3,78,83.4
18.5,25.22,35.3,20,54.8
33.93,13.37,18.2,72,55.6
32.04,22.86,38.8,71,71.2
36.32,23.34,31.6,64,67.3
21.31,66.92,77.4,49,87.9
42.08,25.72,35.1,60,76.4
14.18,61.69,73.1,66,79.9
26.11,64.13,81.3,22,96.9
41.04,37.38,44.7,65,82.8
13.11,60.5,82.8,74,92.2
9.94,32.57,40.2,30,53.2
44.77,54.75,87.1,43,114.5
20.43,12.78,17.1,41,43.2
35.77,43.82,65.0,63,96.3
6.14,45.63,49.5,64,57.9
36.05,36.7,41.0,45,74.6
19.22,50.83,60.6,32,80.2
7.51,60.65,66.3,20,71.1
32.44,3.53,10.3,43,43.8
15.84,27.42,23.4,29,49.5
22.41,58.3,67.0,54,85.0
8.63,49.47,63.3,43,71.7
11.62,75.51,87.3,47,93.4
18.41,51.17,70.9,55,86.4
9.04,64.73,86.1,35,87.7
45.99,49.92,66.2,59,101.6
5.27,24.43,33.8,35,47.1
26.77,9.46,18.4,78,50.2
10.55,64.15,72.5,36,77.8
18.85,47.93,61.5,70,78.5
46.67,12.85,13.9,73,57.8
12.28,28.19,38.8,34,51.0
48.46,60.13,86.5,35,114.5
14.26,41.38,50.0,34,63.4
38.37,26.13,44.6,76,82.7
29.6,36.95,46.6,53,77.7
44.8,14.53,26.7,30,65.9
29.93,41.53,39.5,20,65.9
29.06,36.22,39.6,34,66.1
13.8,11.88,14.2,45,29.2
12.48,63.44,71.4,70,79.4
46.24,30.42,43.3,23,81.6
19.75,63.34,75.8,62,93.2
21.74,63.42,78.0,24,92.5
39.19,22.89,27.0,54,63.9
20.25,56.43,62.6,32,71.5
47.84,41.89,47.8,29,81.5
38.21,65.77,80.4,30,101.4
31.88,13.53,27.3,37,59.7
44.64,46.58,64.2,53,96.9
7.23,46.28,58.6,58,72.8
16.57,27.37,33.6,60,58.9
25.93,11.09,20.9,61,56.0
15.21,61.76,62.1,69,74.5
38.48,62.85,69.1,42,97.9
46.36,31.21,35.3,26,71.8
24.07,49.63,61.6,78,84.9
20.4,32.23,41.6,58,60.9
48.27,48.89,67.1,22,103.3
25.02,21.14,25.9,31,49.0
27.01,66.26,81.2,26,90.6
20.82,20.19,33.0,68,63.9
45.93,33.21,39.4,45,79.5
30.6,10.94,14.6,52,45.1
39.3,5.6,18.9,56,57.8
41.53,36.71,51.3,67,85.1
20.38,23.06,31.4,34,52.8
24.52,70.91,76.8,21,93.1
43.18,11.72,11.2,60,57.1
21.35,25.58,40.3,26,60.6
40.73,32.02,37.0,51,73.2
47.34,1.5,11.5,23,57.9
33.04,21.37,19.9,39,47.2
38.37,32.12,43.1,69,76.0
41.23,39.08,49.4,72,82.7
43.03,40.5,42.3,55,82.5
22.78,35.54,52.5,51,70.8
7.31,39.1,57.6,47,62.0
23.08,5.72,10.8,32,39.6
35.32,42.89,47.1,20,71.7
25.27,62.07,87.1,79,104.2
38.7,27.06,51.5,75,93.0
21.06,49.11,64.2,54,83.9
33.56,30.72,34.9,67,67.5
13.39,63.54,71.9,49,81.4
38.72,55.15,71.8,73,104.6
29.56,39.31,51.7,55,79.5
14.18,76.23,88.1,76,98.2
18.14,6.69,20.0,74,46.4
38.69,7.14,11.4,44,46.1
26.72,58.24,71.6,35,84.4
14.72,61.9,74.6,77,87.1
48.53,13.14,19.6,38,61.6
37.18,25.17,31.2,20,64.8
48.07,-3.32,11.4,24,55.8
24.22,23.48,33.5,70,58.4
26.38,59.75,71.9,41,90.5
45.41,36.24,51.4,43,86.0
28.63,30.57,37.8,62,72.7
36.83,34.03,39.7,64,75.1
16.35,6.37,10.1,71,31.9
25.1,28.04,34.0,56,65.8
10.56,44.56,61.7,72,72.1
14.27,69.32,87.9,55,92.9
5.04,65.26,77.8,55,87.7
6.77,10.29,11.9,23,27.6
48.98,62.58,81.9,55,117.4
15.91,59.25,72.7,71,88.6
34.85,61.52,72.4,72,98.9
42.76,27.06,46.6,37,79.2
29.78,39.27,41.8,69,70.0
11.89,25.71,34.2,35,54.0
37.77,14.33,15.3,60,55.3
32.01,28.59,28.3,37,62.7
37.91,16.92,29.7,41,64.2
39.64,35.43,48.7,21,76.6
48.89,54.39,69.8,40,99.7
30.81,34.41,47.9,55,77.3
20.37,20.38,14.6,63,47.3
34.18,65.01,86.6,58,106.4
8.08,65.56,85.4,66,92.1
45.38,59.27,72.8,58,101.7
10.37,65.43,89.3,48,91.8
19.75,40.87,53.6,73,74.8
41.71,71.2,87.0,45,108.1
31.88,11.17,16.0,40,49.1
22.71,30.94,39.3,36,58.4
26.3,19.78,28.0,35,56.2
43.45,12.96,25.7,79,68.4
20.3,18.62,21.3,50,49.0
44.13,56.61,59.8,70,94.9
8.97,58.1,72.5,28,73.0
39.96,46.14,56.3,50,83.5
43.14,20.87,21.8,33,55.2
13.18,53.57,74.9,68,87.8
24.37,57.21,60.9,56,89.0
12.45,33.85,41.1,21,55.0
36.8,59.3,63.9,71,99.0
29.09,20.97,30.8,67,65.1
33.59,39.18,37.6,65,68.5
13.84,70.59,83.4,33,93.5
14.53,29.36,33.2,78,53.1
6.87,39.25,47.6,52,56.7
19.49,63.73,81.2,54,93.4
30.19,59.3,66.6,77,91.6
43.61,12.68,15.0,58,60.3
35.01,7.59,21.8,77,57.6
24.59,2.92,10.6,66,45.0
47.89,47.45,60.5,70,101.5
37.37,38.2,45.8,39,77.7
46.86,16.31,20.7,21,67.3
28.74,75.4,86.6,70,110.3
16.65,32.14,52.4,60,72.8
7.38,24.2,29.4,38,42.6
37.67,30.95,50.0,78,85.3
10.46,55.29,64.4,56,76.0
18.62,12.41,16.1,37,39.7
28.96,27.68,32.0,35,58.2
30.4,55.33,74.6,23,86.0
32.03,43.82,46.8,31,75.1
12.48,48.19,53.7,48,69.6
22.09,38.62,44.6,26,60.3
32.77,10.16,13.5,33,48.9
48.64,21.51,23.3,74,68.3
37.74,32.98,45.6,31,74.9
46.52,25.67,26.7,54,73.3
39.3,19.45,14.0,24,48.1
31.63,67.35,77.5,36,94.8
13.64,67.15,88.5,77,103.5
35.0,60.57,73.5,61,98.9
33.05,56.18,78.3,51,104.6
32.11,26.35,29.4,29,54.1
27.04,71.73,86.9,62,100.1
28.79,11.25,25.8,36,51.6
20.05,63.08,86.1,24,93.9
28.37,70.25,89.6,64,103.7
13.89,52.05,66.9,61,80.5
41.23,64.75,88.5,28,113.8
13.36,46.4,55.6,68,67.9
8.82,25.87,30.8,52,43.5
24.63,35.0,45.0,55,66.6
34.62,42.21,57.5,55,82.2
24.7,17.92,15.8,37,35.0
17.45,56.11,59.8,28,72.6
30.12,68.38,88.5,76,108.2
20.62,17.11,25.2,48,48.4
46.98,61.18,73.4,69,105.5
46.52,64.32,82.6,33,114.4
27.61,67.7,85.5,44,109.4
19.75,73.15,86.8,34,94.2
38.17,31.83,51.7,25,84.8
6.65,77.14,88.2,75,93.8
26.36,56.83,70.6,61,91.1
20.13,16.29,22.9,48,46.2
46.42,38.08,48.2,34,84.2
5.54,53.79,67.5,48,76.1
29.88,15.17,29.8,23,53.6
38.33,56.47,61.2,37,88.7
26.83,50.87,63.3,69,90.1
8.84,20.63,23.0,76,45.2
48.76,48.92,55.2,68,91.7
28.31,52.28,71.7,63,93.0
32.64,42.3,49.9,58,80.8
15.65,7.44,11.0,35,35.2
26.76,12.81,10.7,30,43.2
24.31,20.21,38.6,33,62.3
8.37,66.78,84.1,22,87.0
9.78,19.62,28.3,70,47.5
42.69,50.76,60.7,69,100.1
15.79,24.56,27.8,61,48.1
13.77,25.05,35.7,57,54.1
27.72,58.71,77.8,64,95.0
39.59,54.09,68.3,61,94.8
7.79,9.62,17.6,37,34.2
30.96,39.65,44.3,77,72.6
10.36,8.02,12.3,39,30.8
6.64,24.24,48.5,77,66.0
7.37,48.52,63.0,67,76.9
42.54,10.39,19.5,44,66.4
10.31,18.33,33.1,76,56.2
7.03,27.27,41.8,57,61.3
24.71,67.4,83.6,32,98.7
42.98,78.21,89.5,23,111.2
16.81,12.44,13.6,74,37.0
23.98,53.67,70.9,33,91.0
6.8,34.07,39.7,52,51.9
25.21,30.82,41.4,47,65.8
30.99,52.8,70.3,71,93.4
30.69,61.01,83.5,56,102.6
19.96,60.1,86.1,27,96.7
19.2,42.99,56.2,63,71.5
9.8,31.65,38.6,53,53.8
21.51,57.92,73.0,63,94.3
9.48,21.98,30.1,24,36.7
39.5,39.37,55.1,73,84.4
48.48,33.99,38.7,24,79.3
48.65,43.44,62.5,50,103.2
43.93,27.27,29.2,64,69.1
32.04,15.25,25.3,28,49.5
36.54,63.01,83.5,61,112.7
17.83,7.18,18.1,51,39.7
33.38,37.87,50.5,52,77.9
25.5,27.01,27.7,22,53.1
26.69,13.07,13.1,49,42.1
39.1,15.2,12.9,69,51.9
17.69,21.82,24.0,31,42.1
19.31,57.95,79.3,48,97.4
46.61,24.42,32.6,22,74.4
7.53,64.93,86.0,45,90.3
26.85,51.88,56.5,76,75.1
46.08,29.96,44.9,49,84.8
32.47,49.59,56.4,28,82.2
29.59,45.53,51.3,45,72.4
16.24,65.71,70.7,21,80.8
20.45,24.03,32.6,22,55.7
43.34,34.16,38.2,65,79.1
30.16,76.63,81.5,23,96.6
28.16,65.49,85.7,44,102.7
9.48,57.45,81.4,70,91.0
5.72,25.44,43.6,32,52.2
48.37,61.51,72.4,58,111.4
21.96,29.07,48.1,63,71.3
32.14,37.98,49.8,54,80.0
8.59,23.29,26.4,74,47.0
35.74,46.76,57.3,42,81.9
46.97,22.04,24.9,28,65.7
30.9,30.33,36.5,21,62.0
10.68,69.12,78.4,73,90.6
31.18,16.49,26.6,60,60.5
39.49,9.17,15.7,63,55.9
23.29,8.55,15.5,50,39.9
44.59,72.36,85.3,63,110.9
34.19,44.94,50.6,66,81.9
45.47,36.46,42.8,21,76.0
33.06,65.81,74.9,51,100.1
10.91,55.6,76.9,37,77.9
18.94,37.6,36.6,32,60.5
14.08,60.01,65.5,65,80.7
45.9,61.03,71.7,24,102.2
39.22,58.81,62.4,77,100.1
35.44,9.42,22.1,61,61.5
18.54,61.43,80.1,63,91.9
13.28,38.83,53.1,29,64.9
39.04,29.69,32.6,75,65.0
26.34,29.96,44.0,62,73.0
15.16,14.19,13.0,44,34.5
32.75,23.04,20.2,53,48.5
6.82,60.47,71.2,56,73.8
19.68,9.42,10.0,49,39.3
26.09,29.72,43.3,26,70.4
11.66,37.21,51.8,25,62.2
49.31,17.74,14.4,73,60.4
14.41,74.17,87.8,74,93.5
10.87,22.28,28.1,22,46.5
14.16,25.38,34.3,32,51.9
39.61,17.32,34.3,22,66.4
24.15,17.39,28.4,45,52.4
30.44,17.65,10.1,76,49.0
5.95,48.28,68.3,43,75.1
6.55,70.83,87.3,72,89.0
25.06,27.39,27.9,25,49.0
41.75,44.16,63.0,62,92.6
44.84,56.4,69.4,79,103.4
8.9,66.99,77.9,77,84.2
29.23,35.11,43.8,68,77.2
46.1,41.73,34.2,61,74.2
22.46,20.48,36.0,31,53.9
42.33,58.9,67.0,68,96.5
11.02,59.41,75.3,55,82.9
47.09,23.48,24.5,21,59.2
38.81,33.95,39.7,30,71.7
47.36,62.06,82.2,58,110.7
35.45,60.77,74.5,53,103.2
21.35,61.74,88.8,45,100.8
47.22,59.29,70.3,37,109.4
17.4,34.66,41.5,40,58.7
19.95,48.99,57.3,55,65.9
36.54,55.6,62.9,59,96.2
39.44,14.86,16.3,71,59.2
46.82,43.59,53.6,65,94.1
14.22,48.99,66.7,63,76.6
40.91,15.15,23.4,41,61.3
38.23,63.89,72.5,72,102.5
7.87,52.54,56.7,78,68.0
22.43,67.75,86.2,49,94.3
17.72,10.95,13.4,69,48.3
18.7,20.46,31.2,62,56.8
49.23,52.36,58.1,79,100.1
33.92,30.31,33.7,49,69.6
37.3,63.43,67.2,27,94.5
48.95,52.18,70.7,53,104.1
21.97,12.67,18.2,76,51.3
41.08,42.04,51.1,66,88.8
24.55,43.8,50.7,28,68.6
44.13,30.56,39.5,70,81.9
13.13,63.34,84.6,39,90.1
47.65,65.37,76.2,59,110.8
14.84,56.23,65.8,44,79.2
19.68,49.14,67.1,38,85.4
39.03,44.33,46.9,24,75.3
22.72,72.79,83.7,30,96.9
32.37,53.13,65.6,34,94.6
25.01,55.05,68.3,27,84.3
38.41,65.92,78.9,38,104.4
15.27,21.23,31.9,42,56.5
7.63,59.8,74.6,46,81.5
18.5,9.73,25.6,59,44.9
26.34,34.48,37.6,51,61.3
12.56,21.67,36.8,45,54.8
20.97,78.14,88.3,46,101.2
23.0,61.17,78.5,38,93.2
7.58,51.82,66.1,69,81.6
31.25,51.39,68.2,61,90.7
44.8,42.53,55.0,48,89.9
11.83,75.71,85.8,58,86.8
31.9,27.32,49.7,79,83.5
34.91,38.74,40.4,60,70.4
23.87,20.12,23.0,52,53.5
36.55,52.28,72.9,38,100.6
23.48,49.63,68.8,56,94.1
27.71,40.98,40.7,38,67.7
5.33,4.88,12.0,52,27.5
36.13,55.93,77.1,66,104.9
34.76,14.42,10.9,35,44.3
6.73,54.73,66.3,42,72.9
21.57,65.41,87.6,26,97.2
49.06,37.09,45.0,45,84.6
23.93,17.91,28.8,51,52.2
27.59,58.62,66.4,31,86.4
45.95,65.6,75.4,27,107.6
37.28,45.63,53.7,24,76.5
31.19,71.7,87.4,61,105.8
40.9,20.11,14.1,47,55.1
43.9,40.31,50.4,72,81.2
25.56,48.07,67.5,24,89.5
26.38,65.46,79.0,68,96.3
22.37,29.9,24.3,45,46.8
48.5,54.13,74.0,24,104.9
36.37,41.57,54.2,41,83.3
8.75,35.46,41.7,34,50.6
43.83,16.16,20.5,32,63.3
26.63,58.47,79.2,47,97.9
8.09,23.67,22.6,52,36.4
29.74,39.43,34.8,62,63.3
23.77,27.54,33.2,42,52.9
44.5,59.25,79.7,52,106.4
14.18,43.31,63.8,62,78.3
42.19,60.28,73.7,37,99.7
30.1,29.55,30.0,69,67.4
7.46,50.37,60.0,72,70.6
48.73,44.58,55.7,49,89.5
28.07,58.35,76.6,45,92.0
18.09,60.53,82.5,35,95.3
26.12,12.95,11.0,32,40.0
43.6,55.71,63.9,58,100.4
18.72,3.59,14.1,52,38.5
13.67,51.08,53.9,45,65.5
10.81,29.28,33.0,67,54.0
18.4,34.63,34.5,20,49.9
40.1,23.88,38.2,68,76.9
26.22,40.93,59.7,57,81.2
15.24,28.63,36.7,21,54.8
12.48,57.41,68.6,68,85.9
19.97,42.87,42.4,25,59.2
47.3,15.9,15.5,65,60.3
20.44,56.95,72.7,69,91.4
49.47,21.16,32.9,57,73.4
26.84,41.85,44.6,61,75.4
13.06,47.04,64.8,43,79.7
45.1,37.42,36.6,37,71.6
25.72,10.2,14.5,46,39.5
36.94,39.88,39.9,60,70.3
49.27,71.84,85.6,27,112.2
7.26,48.39,61.3,47,71.3
9.35,48.38,63.7,29,75.1
37.42,46.76,60.6,36,90.6
17.68,22.88,25.9,74,49.8
13.29,35.16,43.5,48,59.9
6.77,53.09,70.1,77,75.9
5.98,13.66,18.1,25,34.5
39.85,26.18,32.2,33,68.3
11.05,15.04,32.1,41,49.8
26.05,37.94,44.6,73,69.0
32.27,65.84,88.4,25,105.3
24.28,6.55,15.4,45,46.0
6.22,32.76,51.5,58,65.7
40.26,10.51,24.3,31,58.9
5.47,63.35,87.7,54,91.7
39.29,11.71,19.1,33,53.9
45.2,43.6,42.3,41,85.9
24.48,52.6,69.0,70,88.1
29.1,53.98,66.4,42,89.6
26.46,37.06,43.8,67,70.8
22.51,30.83,37.7,26,66.4
44.93,33.06,41.8,59,81.5
45.23,18.94,31.1,69,71.9
20.11,28.4,26.4,44,51.5
32.68,47.95,48.6,32,76.8
46.71,16.77,31.5,40,71.4
48.29,21.28,33.0,60,72.9
27.9,48.63,62.5,29,80.9
25.38,65.16,87.5,72,107.6
17.54,49.16,58.3,74,71.1
48.15,9.29,16.2,78,63.7
11.43,23.66,16.0,28,36.6
31.09,74.84,86.1,34,103.8
17.71,28.09,33.8,71,63.0
17.56,19.03,17.4,21,33.0
23.22,51.87,57.9,44,74.1
49.95,45.09,59.9,32,89.1
7.47,45.42,61.9,53,76.0
31.03,25.5,31.4,70,61.0
8.72,13.28,11.2,77,26.8
11.95,70.46,87.2,53,91.6
24.78,16.17,30.1,54,52.6
27.97,47.25,64.1,57,84.7
16.65,52.85,66.5,22,77.2
19.24,46.66,58.8,61,79.0
8.91,37.89,35.0,75,51.2
18.64,18.42,31.7,78,56.3
48.5,48.78,57.8,25,91.0
47.51,70.88,79.3,74,109.6
20.07,79.95,85.7,67,93.8
30.69,12.76,18.5,68,52.0
45.93,20.37,22.4,38,64.1
5.28,71.31,85.6,22,83.0
41.48,56.12,68.9,37,92.4
47.68,64.02,80.6,58,114.3
9.11,23.15,26.2,28,45.0
12.27,32.94,57.0,71,70.9
48.23,56.28,66.1,31,98.0
29.19,52.16,64.4,24,84.2
5.64,33.01,42.7,22,47.0
16.59,19.22,11.2,30,30.1
25.25,41.93,56.6,76,81.9
36.18,22.18,30.2,49,67.4
37.99,46.77,46.0,23,75.3
49.79,65.12,86.6,24,110.6
17.94,30.79,41.9,20,59.2
29.22,61.01,77.2,46,103.0
29.0,24.27,25.1,47,54.3
23.25,52.08,63.8,48,81.6
12.61,64.07,88.2,37,90.4
48.99,11.86,18.2,31,63.4
43.4,5.5,10.7,32,50.1
27.42,35.36,44.7,60,74.0
32.15,16.06,17.4,21,46.6
15.23,57.99,69.9,56,83.2
29.47,57.65,83.2,64,103.4
36.27,41.1,44.7,35,79.3
28.18,25.82,30.7,67,62.2
49.56,42.72,44.8,43,89.0
32.51,56.52,67.9,54,92.8
21.69,14.09,10.7,41,37.4
39.75,48.06,57.2,55,88.9
12.67,53.98,59.1,30,66.8
22.3,51.42,61.0,74,83.4
20.61,23.0,29.4,77,53.5
24.43,65.06,67.1,65,87.6
40.18,18.29,17.3,48,59.3
26.79,23.62,25.9,54,59.7
40.73,57.78,80.2,67,109.9
30.94,48.84,69.1,73,96.8
20.39,10.34,11.1,34,38.8
41.45,24.62,29.9,79,69.7
15.72,18.65,27.2,50,54.1
15.1,26.04,31.7,61,50.3
27.7,31.79,29.8,60,59.5
16.74,15.48,15.0,62,44.3
5.41,31.67,46.7,35,58.9
34.17,54.34,68.6,29,91.8
28.0,42.81,58.5,68,86.2
25.05,49.13,63.8,51,83.0
48.51,11.13,16.5,70,62.7
30.7,66.51,86.1,21,98.8
43.85,55.39,77.1,43,108.8
11.28,58.89,74.4,42,84.1
30.61,57.87,75.8,21,92.5
44.06,53.05,84.6,57,115.0
31.24,53.1,53.5,50,87.7
37.31,26.26,26.0,70,67.4
21.74,45.59,59.3,59,75.9
9.16,55.64,69.4,45,79.5
25.61,49.37,69.0,48,85.3
22.75,49.85,51.7,22,60.8
44.02,21.87,15.5,77,60.8
15.98,32.53,39.7,33,60.9
48.5,72.05,83.7,44,119.5
48.12,46.28,56.8,67,96.9
16.14,35.77,53.1,20,64.1
20.66,23.15,31.5,72,58.3
45.3,32.24,39.5,22,74.7
48.5,63.03,81.6,73,115.0
24.95,49.56,63.3,45,85.8
19.44,57.94,73.0,37,84.1
28.67,36.67,46.3,28,73.3
35.95,48.6,60.4,57,87.4
17.31,18.59,29.9,42,56.4
38.14,49.56,66.4,40,88.9
7.32,28.94,44.2,76,55.2
7.22,41.21,45.4,20,52.9
22.38,39.03,61.9,40,73.3
20.91,73.69,84.9,46,89.4
19.2,19.03,15.1,61,35.7
27.1,59.27,76.0,78,96.7
19.43,13.7,33.4,25,52.0
13.65,34.6,45.5,74,64.4
18.93,9.08,11.8,63,38.4
48.87,22.21,34.1,55,77.9
23.5,37.59,50.2,47,70.0
25.01,19.25,14.5,64,47.6
30.94,42.75,49.3,36,76.5
49.25,62.71,84.2,78,118.6
15.87,6.76,18.4,59,43.4
35.66,55.29,71.2,77,99.0
37.22,33.15,42.8,71,72.8
32.33,52.41,62.4,22,87.5
8.99,21.98,30.8,31,41.3
35.46,20.77,22.8,58,61.5
7.88,27.95,22.8,31,37.9
31.83,16.59,15.6,21,46.6
38.28,19.64,24.9,75,58.5
14.49,49.59,63.1,65,81.8
42.87,62.64,80.5,41,107.4
6.37,66.01,75.1,42,80.7
42.97,48.71,64.8,49,96.5
25.71,15.29,18.8,24,44.7
14.79,26.76,33.1,28,50.2
11.02,25.32,34.8,40,49.6
47.9,17.13,30.0,30,69.7
8.27,42.58,51.2,24,59.0
13.96,41.97,52.8,54,68.7
