age,sex,trestbps,chol,thalach,target
67,0,121,260,107,1
57,0,117,210,154,1
43,1,129,339,154,1
71,0,113,269,147,1
36,1,121,186,119,1
49,0,110,278,175,0
67,1,164,197,143,0
47,0,131,285,134,0
51,0,119,303,169,1
39,1,134,204,167,0
39,0,129,294,134,1
52,0,127,266,139,1
64,0,141,287,164,0
68,1,143,340,98,1
52,0,121,233,157,0
31,0,121,208,173,0
50,1,126,201,118,1
30,1,91,205,133,1
52,1,105,242,174,1
72,0,154,263,152,0
58,0,158,259,162,0
66,0,126,287,150,1
30,1,140,246,166,1
49,0,136,318,157,1
61,0,183,232,154,0
40,1,150,382,126,1
50,1,128,277,167,0
72,1,114,203,141,0
53,1,103,192,156,1
77,1,134,270,157,0
55,0,118,234,159,1
70,1,106,281,166,0
56,0,120,269,157,0
44,0,112,242,142,1
43,1,159,203,180,1
75,1,145,170,125,1
72,1,130,223,173,1
31,0,156,288,142,1
65,1,132,256,125,1
35,1,116,183,129,1
49,1,156,254,147,0
37,1,140,265,147,1
67,1,113,201,159,0
46,0,127,253,127,1
32,0,116,248,138,1
53,0,107,188,166,0
42,1,146,263,173,1
37,1,163,274,147,1
54,1,107,300,141,0
30,0,140,298,141,1
48,1,119,177,151,1
56,1,122,199,168,0
75,1,120,271,133,1
35,0,116,271,179,0
72,1,131,271,146,1
36,0,116,438,151,1
75,1,135,274,129,1
63,0,130,302,170,1
42,0,126,293,114,1
45,0,115,278,109,1
64,1,121,230,151,0
68,1,143,283,159,1
32,0,139,207,160,0
30,0,114,234,129,1
34,1,132,221,165,0
70,1,143,250,179,0
32,0,102,361,175,0
57,1,140,152,156,1
46,1,119,280,112,0
54,1,140,165,107,1
72,1,118,222,133,0
62,0,100,300,153,0
38,1,103,249,126,1
64,1,131,192,146,1
42,0,135,210,167,0
59,0,115,279,144,1
76,1,141,209,127,1
43,1,102,256,125,1
36,1,129,248,148,0
42,1,110,213,165,0
51,0,119,353,149,1
68,0,131,277,161,0
49,0,116,144,154,1
44,1,124,255,82,1
73,1,148,212,161,1
46,1,121,288,104,1
75,1,145,206,131,1
52,0,111,240,155,0
54,0,140,271,113,1
53,1,155,289,141,0
73,0,88,185,129,1
69,1,117,229,145,1
57,1,140,222,138,1
43,0,127,213,148,1
73,1,137,334,140,1
29,1,120,266,128,0
53,0,132,182,184,0
35,1,128,291,129,1
37,1,150,352,145,0
52,0,135,297,176,0
29,1,136,170,147,0
72,0,123,221,190,0
36,1,122,309,170,0
52,0,123,210,149,0
39,0,137,268,196,0
45,0,123,284,147,0
36,1,135,199,146,1
63,0,166,243,163,0
63,0,145,83,181,0
61,0,125,194,143,1
33,0,151,233,158,0
70,0,124,183,135,1
67,1,96,327,137,1
69,1,113,174,145,0
56,1,99,223,194,0
35,1,125,252,140,1
37,1,131,318,153,1
36,1,159,174,137,1
40,1,136,304,140,1
62,0,127,246,140,0
61,1,145,196,157,1
76,0,93,269,146,0
51,0,135,255,158,1
52,1,144,215,81,1
65,0,105,249,180,1
63,0,150,226,136,1
72,0,136,251,175,0
68,0,123,279,144,0
50,1,141,325,132,0
55,1,169,184,185,0
63,1,134,352,126,1
29,1,135,148,153,0
63,1,123,238,181,0
65,1,116,275,143,1
75,1,145,260,156,1
42,1,116,214,148,1
31,1,132,235,142,1
29,1,122,221,174,0
33,0,139,216,159,0
54,1,136,288,137,1
42,0,148,263,143,1
67,0,122,211,167,0
55,0,126,290,161,1
37,0,114,261,177,0
43,1,123,286,151,0
43,0,137,277,116,1
54,1,143,204,171,1
70,1,115,217,116,1
41,0,145,283,195,0
60,1,154,276,123,1
67,0,138,244,154,0
77,0,162,251,153,0
60,1,117,309,145,1
32,1,109,216,147,1
58,0,100,273,171,1
65,1,156,235,148,1
51,1,142,235,134,1
67,1,130,300,158,1
73,0,135,287,153,0
43,0,111,286,186,0
71,1,172,311,166,0
57,1,133,247,171,0
64,1,132,280,133,1
41,1,143,230,166,1
60,1,139,262,161,0
35,0,134,239,134,0
50,1,117,250,135,1
56,0,139,275,146,0
30,1,162,205,117,1
70,0,153,350,110,1
73,1,158,195,170,1
34,0,122,185,122,1
56,1,114,303,119,1
56,0,128,285,188,0
72,0,131,277,126,1
72,0,149,277,112,1
48,0,102,245,168,0
58,0,157,201,159,1
39,0,128,249,125,1
56,1,123,212,184,1
53,0,113,294,158,1
67,1,102,238,132,1
61,1,144,204,89,1
29,1,132,229,184,1
55,1,109,266,111,1
41,1,108,217,106,1
69,0,125,204,159,1
31,0,159,258,187,1
67,0,126,258,188,0
34,1,105,220,150,1
36,0,126,222,150,1
55,0,126,257,166,0
37,0,85,173,154,1
65,0,130,175,147,0
61,0,127,210,155,0
70,1,142,235,137,1
72,0,162,261,143,0
52,1,150,319,133,1
43,1,126,288,105,1
60,1,112,238,137,1
60,1,174,245,142,0
52,1,132,195,150,0
69,0,131,245,142,1
77,0,130,231,166,1
77,0,134,262,157,1
40,1,128,204,150,0
67,0,121,271,119,1
30,0,121,322,157,1
31,1,130,240,119,1
77,1,121,266,126,0
65,1,118,280,150,1
77,1,132,225,119,1
45,0,126,257,141,1
77,1,156,246,204,0
30,1,85,250,126,1
30,0,149,207,145,1
56,0,152,247,185,0
51,1,95,270,147,1
65,0,125,318,138,1
60,1,124,293,179,0
61,1,107,353,176,0
29,0,117,207,166,1
47,0,112,289,172,0
30,1,160,255,130,1
72,1,146,355,143,0
54,1,152,205,149,1
60,0,143,204,154,0
34,1,111,216,139,1
60,1,122,139,124,1
32,1,139,219,125,1
39,1,110,208,110,1
45,1,143,253,184,0
66,0,126,263,114,1
52,1,124,339,154,0
33,1,143,293,145,0
62,1,138,217,124,0
34,1,124,201,133,1
50,0,150,270,163,1
39,0,112,179,125,1
76,0,141,337,169,0
44,1,141,304,139,0
61,1,125,222,181,1
37,0,136,160,179,0
34,0,109,313,145,1
44,0,146,240,153,0
57,1,127,307,147,1
31,1,122,166,135,1
48,0,148,216,177,0
64,0,119,246,191,0
47,0,107,248,136,1
54,1,104,223,158,1
31,1,141,277,137,0
47,1,109,192,127,1
48,0,160,238,126,0
60,0,95,252,163,0
35,1,159,271,190,1
69,0,134,281,149,0
61,1,129,189,171,1
68,0,121,169,167,0
67,0,137,309,148,0
46,0,130,262,150,1
68,0,149,208,106,0
29,1,132,323,131,1
39,0,133,251,189,0
56,1,124,304,187,0
53,1,130,249,149,0
51,1,136,349,126,1
59,0,101,333,166,0
58,1,108,233,139,1
70,1,143,294,123,1
63,1,133,278,143,1
35,0,127,314,180,0
44,0,131,197,145,1
54,1,136,280,155,1
76,0,121,298,99,1
77,1,117,158,146,1
30,1,134,186,163,1
29,0,114,144,114,1
76,1,137,232,174,0
40,0,102,281,143,0
33,0,148,321,124,1
65,1,139,249,137,1
60,0,135,327,150,1
37,0,147,176,140,1
69,1,159,160,114,0
63,1,148,243,173,0
47,0,99,265,142,1
76,0,109,244,152,0
44,1,120,142,159,0
31,0,131,241,120,1
48,0,139,180,129,0
52,0,118,279,163,1
61,0,134,264,172,0
52,0,118,199,151,1
39,0,120,220,163,0
77,0,107,193,132,1
36,1,115,242,166,0
64,1,108,293,157,0
66,1,114,196,128,0
68,1,148,271,146,1
