time,concentration
0.0,10.099342830602247
0.5263157894736842,8.739447724301883
1.0526315789473684,7.815742973557497
1.5789473684210527,7.043179439268005
2.1052631578947367,5.86094446406765
2.631578947368421,5.132578496064447
3.1578947368421053,4.856679801446505
3.6842105263157894,4.134484626488389
4.2105263157894735,3.3962858321262095
4.7368421052631575,3.1683885423928375
5.263157894736842,2.589940996137118
5.789473684210526,2.2587379619115375
6.315789473684211,2.110312736827296
6.842105263157895,1.4250502024780558
7.368421052631579,1.239850686837677
7.894736842105263,1.2769826250370524
8.421052631578947,1.0155699142993142
8.947368421052632,1.1308016715905422
9.473684210526315,0.7546796250296456
10.0,0.5383892459719297
